,htid,person
0,loc.ark:/13960/t14m9xt96,"Breckinridge, Sophonisba Preston 1866-1948, [from old catalog] joint author. "
0,mdp.39015033639777,"Brown, Corinne. "
1,mdp.39015059789282,"Brown, Corinne. "
2,uc1.$b276033,"Brown, Corinne. "
0,nyp.33433023037900,"Lathrop, Julia Clifford 1858-1932 "
0,loc.ark:/13960/t14m9xt96,"Abbott, Edith 1876-1957. [from old catalog] "
0,uiuc.2436136,"Yarros, Rachelle Skidelski 1869- "
0,inu.30000042386536,"Anderson, Mary B. 1939- "
1,inu.30000042386536,"Anderson, Mary B. 1939- "
2,uc1.l0078858131,"Anderson, Mary B. 1939- "
3,mdp.39015032643754,"Anderson, Mary B. 1939- "
4,uc1.31822007650062,"Anderson, Mary B. 1939- "
5,uc1.32106010534730,"Anderson, Mary B. 1939- "
0,gri.ark:/13960/t4km36v25,"Boyd, Neva Leona. "
1,osu.32435005345004,"Boyd, Neva Leona. "
2,uc1.$b350394,"Boyd, Neva Leona. "
3,mdp.39015016154513,"Boyd, Neva Leona. "
4,nyp.33433082279526,"Boyd, Neva Leona. "
5,uiug.30112048425653,"Boyd, Neva Leona. "
6,umn.319510021179978,"Boyd, Neva Leona. "
7,mdp.39015016154521,"Boyd, Neva Leona. "
8,umn.319510021179978,"Boyd, Neva Leona. "
9,pst.000068979737,"Boyd, Neva Leona. "
10,umn.31951002289572h,"Boyd, Neva Leona. "
0,mdp.39015013426286,"Flynn, Elizabeth Gurley. "
1,mdp.39015068647703,"Flynn, Elizabeth Gurley. "
2,mdp.39015068648263,"Flynn, Elizabeth Gurley. "
3,mdp.39015073492111,"Flynn, Elizabeth Gurley. "
4,osu.32435059517300,"Flynn, Elizabeth Gurley. "
5,mdp.39015068648255,"Flynn, Elizabeth Gurley. "
6,mdp.39015068648669,"Flynn, Elizabeth Gurley. "
7,mdp.39015068648685,"Flynn, Elizabeth Gurley. "
8,osu.32435056494610,"Flynn, Elizabeth Gurley. "
9,mdp.39015059780711,"Flynn, Elizabeth Gurley. "
10,mdp.39015079021849,"Flynn, Elizabeth Gurley. "
11,osu.32435056493943,"Flynn, Elizabeth Gurley. "
12,umn.31951001518101i,"Flynn, Elizabeth Gurley. "
13,umn.31951001952131n,"Flynn, Elizabeth Gurley. "
14,mdp.39015019233363,"Flynn, Elizabeth Gurley. "
15,uiug.30112064448555,"Flynn, Elizabeth Gurley. "
16,mdp.39015073492129,"Flynn, Elizabeth Gurley. "
17,mdp.39015079021856,"Flynn, Elizabeth Gurley. "
18,osu.32435063483309,"Flynn, Elizabeth Gurley. "
19,umn.31951002084024f,"Flynn, Elizabeth Gurley. "
0,emu.010000667705,"Wells-Barnett, Ida B. 1862-1931 "
1,ien.35556003847464,"Wells-Barnett, Ida B. 1862-1931 "
2,mdp.39015041364806,"Wells-Barnett, Ida B. 1862-1931 "
3,ien.35556003847464,"Wells-Barnett, Ida B. 1862-1931 "
4,ien.35556003847464,"Wells-Barnett, Ida B. 1862-1931 "
5,mdp.39015056447439,"Wells-Barnett, Ida B. 1862-1931 "
6,mdp.39015041364806,"Wells-Barnett, Ida B. 1862-1931 "
7,mdp.39015056447439,"Wells-Barnett, Ida B. 1862-1931 "
8,mdp.39015056447439,"Wells-Barnett, Ida B. 1862-1931 "
9,mdp.39015041364806,"Wells-Barnett, Ida B. 1862-1931 "
10,mdp.39015041364806,"Wells-Barnett, Ida B. 1862-1931 "
11,mdp.39015056447439,"Wells-Barnett, Ida B. 1862-1931 "
12,pst.000022846112,"Wells-Barnett, Ida B. 1862-1931 "
13,umn.31951p002970141,"Wells-Barnett, Ida B. 1862-1931 "
14,ien.35556003847464,"Wells-Barnett, Ida B. 1862-1931 "
15,pst.000022846112,"Wells-Barnett, Ida B. 1862-1931 "
16,pst.000022846112,"Wells-Barnett, Ida B. 1862-1931 "
17,pst.000022846112,"Wells-Barnett, Ida B. 1862-1931 "
0,txu.059173026917490,"Jones, Claudia 1915-1964 "
1,txu.059173026917490,"Jones, Claudia 1915-1964 "
0,inu.30000026339063,"Booth, Heather. "
1,inu.30000026339063,"Booth, Heather. "
0,mdp.49015002376987,"Spolin, Viola "
0,hvd.32044088293915,"Anderson, Mary 1859-1940 "
1,mdp.39015012326503,"Anderson, Mary 1859-1940 "
2,nyp.33433082123450,"Anderson, Mary 1859-1940 "
3,uc1.31175035135212,"Anderson, Mary 1859-1940 "
4,hvd.rslygm,"Anderson, Mary 1859-1940 "
5,uc2.ark:/13960/t6rx98x7s,"Anderson, Mary 1859-1940 "
6,uiuo.ark:/13960/t6159n886,"Anderson, Mary 1859-1940 "
7,uc1.$b113021,"Anderson, Mary 1859-1940 "
8,uc1.31175033855373,"Anderson, Mary 1859-1940 "
9,uc1.31175035135212,"Anderson, Mary 1859-1940 "
10,uc2.ark:/13960/t1xd0th1q,"Anderson, Mary 1859-1940 "
0,uiuo.ark:/13960/t8df6n12r,"McDowell, Mary E. (Mary Eliza) "
1,uiug.30112002763560,"McDowell, Mary E. (Mary Eliza) "
0,mdp.39015047700342,"Spolin, Viola. "
1,mdp.39015047580637,"Spolin, Viola. "
2,mdp.39015047580637,"Spolin, Viola. "
3,mdp.39015047580637,"Spolin, Viola. "
4,pst.000032481976,"Spolin, Viola. "
5,pst.000003825570,"Spolin, Viola. "
6,mdp.39015066089320,"Spolin, Viola. "
0,uiug.30112057382092,"Jones, Claudia. "
1,uc1.$b298671,"Jones, Claudia. "
0,hvd.32044031918048,"Perkins, Frances 1880-1965 "
1,mdp.35112104519170,"Perkins, Frances 1880-1965 "
2,mdp.39015001515025,"Perkins, Frances 1880-1965 "
3,mdp.39015004780980,"Perkins, Frances 1880-1965 "
4,mdp.39015023138301,"Perkins, Frances 1880-1965 "
5,osu.32437000294229,"Perkins, Frances 1880-1965 "
6,mdp.39015035311342,"Perkins, Frances 1880-1965 "
7,mdp.39015076318123,"Perkins, Frances 1880-1965 "
8,uc2.ark:/13960/t0cv4dp3q,"Perkins, Frances 1880-1965 "
9,uc1.$b46866,"Perkins, Frances 1880-1965 "
10,mdp.39015005018851,"Perkins, Frances 1880-1965 "
0,iau.31858048726412,"Boyd, Neva L. joint author. "
0,coo1.ark:/13960/t05x2w09h,"Breckinridge, Sophonisba Preston 1866-1948 "
1,coo1.ark:/13960/t19k4wf2s,"Breckinridge, Sophonisba Preston 1866-1948 "
2,hvd.32044018742239,"Breckinridge, Sophonisba Preston 1866-1948 "
3,coo1.ark:/13960/t0ks78j5j,"Breckinridge, Sophonisba Preston 1866-1948 "
4,hvd.32044030074728,"Breckinridge, Sophonisba Preston 1866-1948 "
5,hvd.hntc1e,"Breckinridge, Sophonisba Preston 1866-1948 "
6,hvd.rslfev,"Breckinridge, Sophonisba Preston 1866-1948 "
7,mdp.35112104055191,"Breckinridge, Sophonisba Preston 1866-1948 "
8,mdp.39015008618384,"Breckinridge, Sophonisba Preston 1866-1948 "
9,mdp.39015011514299,"Breckinridge, Sophonisba Preston 1866-1948 "
10,hvd.hwrbg2,"Breckinridge, Sophonisba Preston 1866-1948 "
11,hvd.rslz9v,"Breckinridge, Sophonisba Preston 1866-1948 "
12,hvd.hw20re,"Breckinridge, Sophonisba Preston 1866-1948 "
13,mdp.39015011547810,"Breckinridge, Sophonisba Preston 1866-1948 "
14,mdp.39015064514154,"Breckinridge, Sophonisba Preston 1866-1948 "
15,nyp.33433082339825,"Breckinridge, Sophonisba Preston 1866-1948 "
16,uc1.$b357929,"Breckinridge, Sophonisba Preston 1866-1948 "
17,uc1.$b357930,"Breckinridge, Sophonisba Preston 1866-1948 "
18,uc1.$b357931,"Breckinridge, Sophonisba Preston 1866-1948 "
19,uc1.$b357934,"Breckinridge, Sophonisba Preston 1866-1948 "
20,uc1.$b357935,"Breckinridge, Sophonisba Preston 1866-1948 "
21,uc1.$b357937,"Breckinridge, Sophonisba Preston 1866-1948 "
22,uc1.$b357938,"Breckinridge, Sophonisba Preston 1866-1948 "
23,uc1.$b357942,"Breckinridge, Sophonisba Preston 1866-1948 "
24,mdp.39015018014053,"Breckinridge, Sophonisba Preston 1866-1948 "
25,uc1.$b357943,"Breckinridge, Sophonisba Preston 1866-1948 "
26,mdp.39015052303552,"Breckinridge, Sophonisba Preston 1866-1948 "
27,mdp.39015055119112,"Breckinridge, Sophonisba Preston 1866-1948 "
28,pst.000007652455,"Breckinridge, Sophonisba Preston 1866-1948 "
29,uc1.b2963223,"Breckinridge, Sophonisba Preston 1866-1948 "
30,uc1.b2963225,"Breckinridge, Sophonisba Preston 1866-1948 "
31,uc1.b2963229,"Breckinridge, Sophonisba Preston 1866-1948 "
32,uc1.b2963230,"Breckinridge, Sophonisba Preston 1866-1948 "
33,uc1.b2963231,"Breckinridge, Sophonisba Preston 1866-1948 "
34,uc1.b2963232,"Breckinridge, Sophonisba Preston 1866-1948 "
35,uc1.b2963233,"Breckinridge, Sophonisba Preston 1866-1948 "
36,uc1.b2963235,"Breckinridge, Sophonisba Preston 1866-1948 "
37,uc1.b4315266,"Breckinridge, Sophonisba Preston 1866-1948 "
38,uc2.ark:/13960/t9n29sg5g,"Breckinridge, Sophonisba Preston 1866-1948 "
39,pst.000026032894,"Breckinridge, Sophonisba Preston 1866-1948 "
40,uc1.$b21516,"Breckinridge, Sophonisba Preston 1866-1948 "
41,uc1.$b357929,"Breckinridge, Sophonisba Preston 1866-1948 "
42,uc1.$b357932,"Breckinridge, Sophonisba Preston 1866-1948 "
43,uc1.$b357935,"Breckinridge, Sophonisba Preston 1866-1948 "
44,uc1.$b270206,"Breckinridge, Sophonisba Preston 1866-1948 "
45,uc1.$b357938,"Breckinridge, Sophonisba Preston 1866-1948 "
46,uc1.$b357939,"Breckinridge, Sophonisba Preston 1866-1948 "
47,uc1.$b357940,"Breckinridge, Sophonisba Preston 1866-1948 "
48,uc1.$b357941,"Breckinridge, Sophonisba Preston 1866-1948 "
49,uc1.$b357932,"Breckinridge, Sophonisba Preston 1866-1948 "
50,uc1.$b357943,"Breckinridge, Sophonisba Preston 1866-1948 "
51,uc1.$b357933,"Breckinridge, Sophonisba Preston 1866-1948 "
52,uc1.$b818604,"Breckinridge, Sophonisba Preston 1866-1948 "
53,wu.89032303786,"Breckinridge, Sophonisba Preston 1866-1948 "
54,uc1.$b357936,"Breckinridge, Sophonisba Preston 1866-1948 "
55,uc1.$b357942,"Breckinridge, Sophonisba Preston 1866-1948 "
56,uc1.$b357944,"Breckinridge, Sophonisba Preston 1866-1948 "
57,uc1.$b357945,"Breckinridge, Sophonisba Preston 1866-1948 "
58,uc1.b2963223,"Breckinridge, Sophonisba Preston 1866-1948 "
59,uc1.b2963225,"Breckinridge, Sophonisba Preston 1866-1948 "
60,uc1.b2963227,"Breckinridge, Sophonisba Preston 1866-1948 "
61,uc1.b2963224,"Breckinridge, Sophonisba Preston 1866-1948 "
62,uc1.b2963226,"Breckinridge, Sophonisba Preston 1866-1948 "
63,uc1.b2963227,"Breckinridge, Sophonisba Preston 1866-1948 "
64,uc1.b2963228,"Breckinridge, Sophonisba Preston 1866-1948 "
65,uc1.b2963233,"Breckinridge, Sophonisba Preston 1866-1948 "
66,uc1.b2963230,"Breckinridge, Sophonisba Preston 1866-1948 "
67,uc1.b2963234,"Breckinridge, Sophonisba Preston 1866-1948 "
68,uc2.ark:/13960/t6h12x12s,"Breckinridge, Sophonisba Preston 1866-1948 "
69,uiuo.ark:/13960/t4sj1tg5j,"Breckinridge, Sophonisba Preston 1866-1948 "
70,uc1.b2963231,"Breckinridge, Sophonisba Preston 1866-1948 "
71,umn.31951d03164501i,"Breckinridge, Sophonisba Preston 1866-1948 "
72,uva.x000478443,"Breckinridge, Sophonisba Preston 1866-1948 "
73,wu.89032303786,"Breckinridge, Sophonisba Preston 1866-1948 "
74,uc1.b2963232,"Breckinridge, Sophonisba Preston 1866-1948 "
75,uc1.b2963235,"Breckinridge, Sophonisba Preston 1866-1948 "
76,uc2.ark:/13960/t3pv6ff8s,"Breckinridge, Sophonisba Preston 1866-1948 "
77,uiug.30112045817266,"Breckinridge, Sophonisba Preston 1866-1948 "
78,uiug.30112045817266,"Breckinridge, Sophonisba Preston 1866-1948 "
79,mdp.39015031962890,"Breckinridge, Sophonisba Preston 1866-1948 "
80,yale.39002015031660,"Breckinridge, Sophonisba Preston 1866-1948 "
81,mdp.39015058009278,"Breckinridge, Sophonisba Preston 1866-1948 "
82,uc1.$b357930,"Breckinridge, Sophonisba Preston 1866-1948 "
83,uc1.$b357931,"Breckinridge, Sophonisba Preston 1866-1948 "
84,uc1.$b357933,"Breckinridge, Sophonisba Preston 1866-1948 "
85,uc1.$b357934,"Breckinridge, Sophonisba Preston 1866-1948 "
86,uc1.$b357936,"Breckinridge, Sophonisba Preston 1866-1948 "
87,uc1.$b357937,"Breckinridge, Sophonisba Preston 1866-1948 "
88,uc1.$b357939,"Breckinridge, Sophonisba Preston 1866-1948 "
89,uc1.$b357940,"Breckinridge, Sophonisba Preston 1866-1948 "
90,uc1.$b357941,"Breckinridge, Sophonisba Preston 1866-1948 "
91,uc1.$b357944,"Breckinridge, Sophonisba Preston 1866-1948 "
92,uc1.$b357945,"Breckinridge, Sophonisba Preston 1866-1948 "
93,uc1.$b359627,"Breckinridge, Sophonisba Preston 1866-1948 "
94,uc1.$b37761,"Breckinridge, Sophonisba Preston 1866-1948 "
95,uc1.$b471843,"Breckinridge, Sophonisba Preston 1866-1948 "
96,uc1.b2963224,"Breckinridge, Sophonisba Preston 1866-1948 "
97,uc1.b2963226,"Breckinridge, Sophonisba Preston 1866-1948 "
98,uc1.b2963228,"Breckinridge, Sophonisba Preston 1866-1948 "
99,uc1.b2963229,"Breckinridge, Sophonisba Preston 1866-1948 "
100,uc1.b2963234,"Breckinridge, Sophonisba Preston 1866-1948 "
101,uc1.b3414742,"Breckinridge, Sophonisba Preston 1866-1948 "
102,uc1.b5617372,"Breckinridge, Sophonisba Preston 1866-1948 "
103,uiuo.ark:/13960/t6rx9530d,"Breckinridge, Sophonisba Preston 1866-1948 "
0,mdp.39015014211919,"Abbott, Edith. "
1,uiuo.ark:/13960/t85h7vw5s,"Abbott, Edith. "
0,coo1.ark:/13960/t0ks78j5j,"Abbott, Edith 1876-1957 "
1,chi.21184561,"Abbott, Edith 1876-1957 "
2,coo1.ark:/13960/t7tm7s30w,"Abbott, Edith 1876-1957 "
3,hvd.32044004319224,"Abbott, Edith 1876-1957 "
4,chi.27293034,"Abbott, Edith 1876-1957 "
5,coo1.ark:/13960/t0dv23892,"Abbott, Edith 1876-1957 "
6,coo1.ark:/13960/t19k4wf2s,"Abbott, Edith 1876-1957 "
7,hvd.32044087373692,"Abbott, Edith 1876-1957 "
8,mdp.39015004860493,"Abbott, Edith 1876-1957 "
9,mdp.39015012194273,"Abbott, Edith 1876-1957 "
10,mdp.39015012196807,"Abbott, Edith 1876-1957 "
11,mdp.39015010521006,"Abbott, Edith 1876-1957 "
12,mdp.39015011514299,"Abbott, Edith 1876-1957 "
13,mdp.39015004112028,"Abbott, Edith 1876-1957 "
14,mdp.39015055092970,"Abbott, Edith 1876-1957 "
15,mdp.39015008786579,"Abbott, Edith 1876-1957 "
16,pst.000007652455,"Abbott, Edith 1876-1957 "
17,uc1.$b357931,"Abbott, Edith 1876-1957 "
18,uc1.$b357935,"Abbott, Edith 1876-1957 "
19,hvd.32044030074728,"Abbott, Edith 1876-1957 "
20,uc1.$b357938,"Abbott, Edith 1876-1957 "
21,hvd.32044053411963,"Abbott, Edith 1876-1957 "
22,uc1.$b357939,"Abbott, Edith 1876-1957 "
23,uc1.$b357940,"Abbott, Edith 1876-1957 "
24,uc1.$b357941,"Abbott, Edith 1876-1957 "
25,uc1.$b357942,"Abbott, Edith 1876-1957 "
26,uc1.$b357943,"Abbott, Edith 1876-1957 "
27,uc1.$b357944,"Abbott, Edith 1876-1957 "
28,pst.000000473446,"Abbott, Edith 1876-1957 "
29,uc1.b2963223,"Abbott, Edith 1876-1957 "
30,uc1.b2963225,"Abbott, Edith 1876-1957 "
31,uc1.b2963228,"Abbott, Edith 1876-1957 "
32,uc1.b2963229,"Abbott, Edith 1876-1957 "
33,uc1.b2963235,"Abbott, Edith 1876-1957 "
34,uiug.30112045817266,"Abbott, Edith 1876-1957 "
35,uiuo.ark:/13960/t6rx9530d,"Abbott, Edith 1876-1957 "
36,uc1.$b357929,"Abbott, Edith 1876-1957 "
37,uc1.$b357935,"Abbott, Edith 1876-1957 "
38,uc1.$b357938,"Abbott, Edith 1876-1957 "
39,uc1.$b357939,"Abbott, Edith 1876-1957 "
40,uc1.$b357940,"Abbott, Edith 1876-1957 "
41,uc1.$b357929,"Abbott, Edith 1876-1957 "
42,uc1.$b357930,"Abbott, Edith 1876-1957 "
43,uc1.$b357942,"Abbott, Edith 1876-1957 "
44,uc1.$b357931,"Abbott, Edith 1876-1957 "
45,uc1.$b357932,"Abbott, Edith 1876-1957 "
46,uc1.$b357933,"Abbott, Edith 1876-1957 "
47,uc1.$b357943,"Abbott, Edith 1876-1957 "
48,uc1.$b357944,"Abbott, Edith 1876-1957 "
49,uc1.$b357934,"Abbott, Edith 1876-1957 "
50,uc1.$b357936,"Abbott, Edith 1876-1957 "
51,uc1.$b357937,"Abbott, Edith 1876-1957 "
52,uc1.$b357945,"Abbott, Edith 1876-1957 "
53,uc1.b2963225,"Abbott, Edith 1876-1957 "
54,uc1.b2963223,"Abbott, Edith 1876-1957 "
55,uc1.b2963224,"Abbott, Edith 1876-1957 "
56,uc1.b2963226,"Abbott, Edith 1876-1957 "
57,uc1.b2963227,"Abbott, Edith 1876-1957 "
58,uc1.b2963228,"Abbott, Edith 1876-1957 "
59,uc1.b2963232,"Abbott, Edith 1876-1957 "
60,uc1.b2963229,"Abbott, Edith 1876-1957 "
61,uc1.b2963233,"Abbott, Edith 1876-1957 "
62,uc1.b2963234,"Abbott, Edith 1876-1957 "
63,uc1.b2963235,"Abbott, Edith 1876-1957 "
64,uc1.b3414742,"Abbott, Edith 1876-1957 "
65,uc1.b4268565,"Abbott, Edith 1876-1957 "
66,uc1.b2963230,"Abbott, Edith 1876-1957 "
67,uiug.30112045817266,"Abbott, Edith 1876-1957 "
68,uc1.b2963231,"Abbott, Edith 1876-1957 "
69,umn.319510023121246,"Abbott, Edith 1876-1957 "
70,umn.31951d02376251t,"Abbott, Edith 1876-1957 "
71,uc1.b3455135,"Abbott, Edith 1876-1957 "
72,uc1.b5617372,"Abbott, Edith 1876-1957 "
73,mdp.39015005113793,"Abbott, Edith 1876-1957 "
74,uc2.ark:/13960/t6h12x12s,"Abbott, Edith 1876-1957 "
75,mdp.39015049224564,"Abbott, Edith 1876-1957 "
76,mdp.39015052303552,"Abbott, Edith 1876-1957 "
77,txu.059173007395127,"Abbott, Edith 1876-1957 "
78,uc1.$b357930,"Abbott, Edith 1876-1957 "
79,uc1.$b357932,"Abbott, Edith 1876-1957 "
80,uc1.$b357933,"Abbott, Edith 1876-1957 "
81,uc1.$b357934,"Abbott, Edith 1876-1957 "
82,uc1.$b357936,"Abbott, Edith 1876-1957 "
83,uc1.$b357937,"Abbott, Edith 1876-1957 "
84,uc1.$b357941,"Abbott, Edith 1876-1957 "
85,uc1.$b357945,"Abbott, Edith 1876-1957 "
86,uc1.b2963224,"Abbott, Edith 1876-1957 "
87,uc1.b2963226,"Abbott, Edith 1876-1957 "
88,uc1.b2963227,"Abbott, Edith 1876-1957 "
89,uc1.b2963230,"Abbott, Edith 1876-1957 "
90,uc1.b2963231,"Abbott, Edith 1876-1957 "
91,uc1.b2963232,"Abbott, Edith 1876-1957 "
92,uc1.b2963233,"Abbott, Edith 1876-1957 "
93,uc1.b2963234,"Abbott, Edith 1876-1957 "
94,uiuo.ark:/13960/t4vh5qd18,"Abbott, Edith 1876-1957 "
95,wu.89058507153,"Abbott, Edith 1876-1957 "
0,uc1.l0068530674,"Boyd, Neva L. (Neva Leona) "
0,coo.31924073957254,"Booth, Heather 1950- "
1,coo.31924073957254,"Booth, Heather 1950- "
2,mdp.39015001766131,"Booth, Heather 1950- "
3,mdp.39015017913222,"Booth, Heather 1950- "
4,mdp.39015059148604,"Booth, Heather 1950- "
5,mdp.39015025118111,"Booth, Heather 1950- "
6,mdp.39015022888989,"Booth, Heather 1950- "
7,mdp.39015025237119,"Booth, Heather 1950- "
0,uc1.$b128269,"Perkins, Frances. "
0,hvd.hn2u1l,"Hamilton, Alice King. "
1,nyp.33433082294541,"Hamilton, Alice King. "
2,mdp.39015059387798,"Hamilton, Alice King. "
3,nc01.ark:/13960/t1wd4nr8c,"Hamilton, Alice King. "
4,uc1.b3327574,"Hamilton, Alice King. "
5,uc2.ark:/13960/t7fq9rj53,"Hamilton, Alice King. "
6,nyp.33433076071293,"Hamilton, Alice King. "
7,hvd.hnqplk,"Hamilton, Alice King. "
8,uc2.ark:/13960/t89g5h36z,"Hamilton, Alice King. "
0,coo.31924014531028,"Addams, Jane 1860-1935 "
1,coo1.ark:/13960/t1jh4rq9k,"Addams, Jane 1860-1935 "
2,aeu.ark:/13960/t6058td8c,"Addams, Jane 1860-1935 "
3,coo1.ark:/13960/t1zc8gz98,"Addams, Jane 1860-1935 "
4,hvd.32044018648212,"Addams, Jane 1860-1935 "
5,hvd.32044021676937,"Addams, Jane 1860-1935 "
6,coo1.ark:/13960/t99604c6m,"Addams, Jane 1860-1935 "
7,coo1.ark:/13960/t9s18jf5n,"Addams, Jane 1860-1935 "
8,hvd.32044004567236,"Addams, Jane 1860-1935 "
9,hvd.32044010648830,"Addams, Jane 1860-1935 "
10,hvd.32044022702674,"Addams, Jane 1860-1935 "
11,hvd.32044011846243,"Addams, Jane 1860-1935 "
12,hvd.32044037769437,"Addams, Jane 1860-1935 "
13,coo1.ark:/13960/t79s2bk4w,"Addams, Jane 1860-1935 "
14,coo1.ark:/13960/t7sn0r67k,"Addams, Jane 1860-1935 "
15,hvd.32044038493441,"Addams, Jane 1860-1935 "
16,hvd.32044087356002,"Addams, Jane 1860-1935 "
17,hvd.32044097667307,"Addams, Jane 1860-1935 "
18,hvd.32044038456836,"Addams, Jane 1860-1935 "
19,hvd.32044087302196,"Addams, Jane 1860-1935 "
20,hvd.32044010195378,"Addams, Jane 1860-1935 "
21,ien.35556038846606,"Addams, Jane 1860-1935 "
22,hvd.32044029853355,"Addams, Jane 1860-1935 "
23,hvd.32044087355954,"Addams, Jane 1860-1935 "
24,hvd.ah157b,"Addams, Jane 1860-1935 "
25,inu.30000005475664,"Addams, Jane 1860-1935 "
26,hvd.hn1xly,"Addams, Jane 1860-1935 "
27,hvd.ah6dew,"Addams, Jane 1860-1935 "
28,hvd.hnhspb,"Addams, Jane 1860-1935 "
29,iau.31858042350698,"Addams, Jane 1860-1935 "
30,ien.35556023375405,"Addams, Jane 1860-1935 "
31,ien.35556038846606,"Addams, Jane 1860-1935 "
32,hvd.hw3q8h,"Addams, Jane 1860-1935 "
33,hvd.rsl13g,"Addams, Jane 1860-1935 "
34,hvd.rsliiq,"Addams, Jane 1860-1935 "
35,hvd.rslz9v,"Addams, Jane 1860-1935 "
36,ien.35556002316057,"Addams, Jane 1860-1935 "
37,mdp.39015002517616,"Addams, Jane 1860-1935 "
38,mdp.39015002620857,"Addams, Jane 1860-1935 "
39,mdp.39015003982561,"Addams, Jane 1860-1935 "
40,mdp.39015005115111,"Addams, Jane 1860-1935 "
41,mdp.39015008198445,"Addams, Jane 1860-1935 "
42,mdp.39015060012583,"Addams, Jane 1860-1935 "
43,mdp.39015060808345,"Addams, Jane 1860-1935 "
44,mdp.39015003620955,"Addams, Jane 1860-1935 "
45,mdp.39015063740768,"Addams, Jane 1860-1935 "
46,mdp.39015019139263,"Addams, Jane 1860-1935 "
47,mdp.39015065623053,"Addams, Jane 1860-1935 "
48,mdp.39015028060922,"Addams, Jane 1860-1935 "
49,mdp.39015006946332,"Addams, Jane 1860-1935 "
50,mdp.39015076119661,"Addams, Jane 1860-1935 "
51,mdp.39015078981910,"Addams, Jane 1860-1935 "
52,mdp.39015008431044,"Addams, Jane 1860-1935 "
53,nyp.33433075925218,"Addams, Jane 1860-1935 "
54,nyp.33433075968804,"Addams, Jane 1860-1935 "
55,nyp.33433075968812,"Addams, Jane 1860-1935 "
56,mdp.39015008490511,"Addams, Jane 1860-1935 "
57,mdp.39015008530225,"Addams, Jane 1860-1935 "
58,mdp.39015054127942,"Addams, Jane 1860-1935 "
59,mdp.39015055909710,"Addams, Jane 1860-1935 "
60,mdp.39015009220529,"Addams, Jane 1860-1935 "
61,mdp.39015010143306,"Addams, Jane 1860-1935 "
62,mdp.39015010864869,"Addams, Jane 1860-1935 "
63,mdp.39015072117164,"Addams, Jane 1860-1935 "
64,uc1.$b267784,"Addams, Jane 1860-1935 "
65,hvd.32044018936757,"Addams, Jane 1860-1935 "
66,mdp.39015016149471,"Addams, Jane 1860-1935 "
67,hvd.32044028269942,"Addams, Jane 1860-1935 "
68,mdp.39015016178306,"Addams, Jane 1860-1935 "
69,nyp.33433069238396,"Addams, Jane 1860-1935 "
70,nyp.33433075925218,"Addams, Jane 1860-1935 "
71,mdp.39015026996192,"Addams, Jane 1860-1935 "
72,nyp.33433081931762,"Addams, Jane 1860-1935 "
73,hvd.ah6dez,"Addams, Jane 1860-1935 "
74,mdp.39015048842630,"Addams, Jane 1860-1935 "
75,mdp.39015056960290,"Addams, Jane 1860-1935 "
76,uc1.32106006668674,"Addams, Jane 1860-1935 "
77,uc1.32106007305243,"Addams, Jane 1860-1935 "
78,uc1.32106016107200,"Addams, Jane 1860-1935 "
79,mdp.39015076119661,"Addams, Jane 1860-1935 "
80,mdp.39015079195262,"Addams, Jane 1860-1935 "
81,mdp.39076005891267,"Addams, Jane 1860-1935 "
82,mdp.49015000198680,"Addams, Jane 1860-1935 "
83,uc2.ark:/13960/t0xp6xq8s,"Addams, Jane 1860-1935 "
84,nyp.33433075925218,"Addams, Jane 1860-1935 "
85,uc2.ark:/13960/t8cf9qz4g,"Addams, Jane 1860-1935 "
86,nyp.33433075942882,"Addams, Jane 1860-1935 "
87,uiuo.ark:/13960/t87h1h079,"Addams, Jane 1860-1935 "
88,uc1.$b21156,"Addams, Jane 1860-1935 "
89,hvd.hn2hgy,"Addams, Jane 1860-1935 "
90,pst.000027786642,"Addams, Jane 1860-1935 "
91,pst.000027835845,"Addams, Jane 1860-1935 "
92,uva.x000195004,"Addams, Jane 1860-1935 "
93,uc1.$b267772,"Addams, Jane 1860-1935 "
94,uva.x000333917,"Addams, Jane 1860-1935 "
95,uva.x000546275,"Addams, Jane 1860-1935 "
96,uc1.$b266508,"Addams, Jane 1860-1935 "
97,hvd.hn3i8j,"Addams, Jane 1860-1935 "
98,hvd.hn5ejv,"Addams, Jane 1860-1935 "
99,wu.89058081308,"Addams, Jane 1860-1935 "
100,uc1.32106006620782,"Addams, Jane 1860-1935 "
101,uc1.32106006620782,"Addams, Jane 1860-1935 "
102,hvd.hny6f1,"Addams, Jane 1860-1935 "
103,uc1.32106000275492,"Addams, Jane 1860-1935 "
104,uc1.32106010310750,"Addams, Jane 1860-1935 "
105,uc1.b3818647,"Addams, Jane 1860-1935 "
106,uc1.b5605634,"Addams, Jane 1860-1935 "
107,ien.35556002316040,"Addams, Jane 1860-1935 "
108,uc2.ark:/13960/t19k47r2z,"Addams, Jane 1860-1935 "
109,ien.35556002316149,"Addams, Jane 1860-1935 "
110,ien.35556038846606,"Addams, Jane 1860-1935 "
111,uiuo.ark:/13960/t08w6r22g,"Addams, Jane 1860-1935 "
112,uiuo.ark:/13960/t2g73928q,"Addams, Jane 1860-1935 "
113,uiuo.ark:/13960/t8pc2w574,"Addams, Jane 1860-1935 "
114,inu.30000010359507,"Addams, Jane 1860-1935 "
115,wu.89098884265,"Addams, Jane 1860-1935 "
116,inu.30000087626051,"Addams, Jane 1860-1935 "
117,uc2.ark:/13960/t11n81b8q,"Addams, Jane 1860-1935 "
118,mdp.39015008618319,"Addams, Jane 1860-1935 "
119,uc2.ark:/13960/t6h12z90t,"Addams, Jane 1860-1935 "
120,uc2.ark:/13960/t84j0vc7d,"Addams, Jane 1860-1935 "
121,uiug.30112000625019,"Addams, Jane 1860-1935 "
122,mdp.39015010870437,"Addams, Jane 1860-1935 "
123,mdp.39015015276911,"Addams, Jane 1860-1935 "
124,mdp.39015015649448,"Addams, Jane 1860-1935 "
125,mdp.39015024092960,"Addams, Jane 1860-1935 "
126,mdp.39015024093158,"Addams, Jane 1860-1935 "
127,mdp.39015028060583,"Addams, Jane 1860-1935 "
128,uiuo.ark:/13960/t1vd6xk7d,"Addams, Jane 1860-1935 "
129,uiuo.ark:/13960/t7gq6tg6p,"Addams, Jane 1860-1935 "
130,umn.319510015033980,"Addams, Jane 1860-1935 "
131,uva.x000368667,"Addams, Jane 1860-1935 "
132,uva.x000500989,"Addams, Jane 1860-1935 "
133,wu.89084366400,"Addams, Jane 1860-1935 "
134,mdp.39015064431805,"Addams, Jane 1860-1935 "
135,nyp.33433068199474,"Addams, Jane 1860-1935 "
136,nyp.33433075942890,"Addams, Jane 1860-1935 "
137,nyp.33433075958375,"Addams, Jane 1860-1935 "
138,pst.000007947742,"Addams, Jane 1860-1935 "
139,pst.000010542491,"Addams, Jane 1860-1935 "
140,uc1.$b265694,"Addams, Jane 1860-1935 "
141,uc2.ark:/13960/t12n5960j,"Addams, Jane 1860-1935 "
142,uc2.ark:/13960/t1rf5sx8r,"Addams, Jane 1860-1935 "
143,uc2.ark:/13960/t8w95hf3j,"Addams, Jane 1860-1935 "
144,uva.x000368644,"Addams, Jane 1860-1935 "
145,uva.x000449004,"Addams, Jane 1860-1935 "
146,uva.x000925953,"Addams, Jane 1860-1935 "
147,wu.89098882905,"Addams, Jane 1860-1935 "
0,coo1.ark:/13960/t5db8mk3w,"Abbott, Grace 1878-1939 "
1,coo1.ark:/13960/t17m0tx3x,"Abbott, Grace 1878-1939 "
2,coo1.ark:/13960/t4rj50w8n,"Abbott, Grace 1878-1939 "
3,hvd.32044011564176,"Abbott, Grace 1878-1939 "
4,hvd.32044087357380,"Abbott, Grace 1878-1939 "
5,hvd.32044103122057,"Abbott, Grace 1878-1939 "
6,hvd.32044103122057,"Abbott, Grace 1878-1939 "
7,hvd.li2hzd,"Abbott, Grace 1878-1939 "
8,mdp.39015063045820,"Abbott, Grace 1878-1939 "
9,mdp.49015002222173,"Abbott, Grace 1878-1939 "
10,mdp.39015079261239,"Abbott, Grace 1878-1939 "
11,mdp.49015001256743,"Abbott, Grace 1878-1939 "
12,pst.000008033048,"Abbott, Grace 1878-1939 "
13,uc1.$b242360,"Abbott, Grace 1878-1939 "
14,uc1.b3271130,"Abbott, Grace 1878-1939 "
15,uiuo.ark:/13960/t53f4pp86,"Abbott, Grace 1878-1939 "
16,uc1.b3648516,"Abbott, Grace 1878-1939 "
17,uc2.ark:/13960/t2r49r46r,"Abbott, Grace 1878-1939 "
18,mdp.39015010848763,"Abbott, Grace 1878-1939 "
19,mdp.49015000215567,"Abbott, Grace 1878-1939 "
20,osu.32435003431236,"Abbott, Grace 1878-1939 "
21,uma.ark:/13960/t5j97h50b,"Abbott, Grace 1878-1939 "
0,loc.ark:/13960/t1fj33z7x,"Breckinridge, Sophonisba Preston, [from old catalog] joint author. "
0,uiug.30112018112638,"Hamilton, Alice 1869- "
0,mdp.39015051414251,"Detzer, Dorothy 1893-1981 "
1,mdp.39015024881248,"Detzer, Dorothy 1893-1981 "
2,mdp.39015051414251,"Detzer, Dorothy 1893-1981 "
3,mdp.39015051414251,"Detzer, Dorothy 1893-1981 "
4,uc1.b3894947,"Detzer, Dorothy 1893-1981 "
0,coo1.ark:/13960/t7pn9nz5q,"Breckinridge, Sophonisba Preston 1866-1948 joint author. "
1,hvd.hxphk9,"Breckinridge, Sophonisba Preston 1866-1948 joint author. "
2,loc.ark:/13960/t3xs66719,"Breckinridge, Sophonisba Preston 1866-1948 joint author. "
3,uc1.$b243387,"Breckinridge, Sophonisba Preston 1866-1948 joint author. "
4,uc1.$b243386,"Breckinridge, Sophonisba Preston 1866-1948 joint author. "
5,uc2.ark:/13960/t27941m6h,"Breckinridge, Sophonisba Preston 1866-1948 joint author. "
6,uc2.ark:/13960/t3gx45f4m,"Breckinridge, Sophonisba Preston 1866-1948 joint author. "
7,mdp.39015024367222,"Breckinridge, Sophonisba Preston 1866-1948 joint author. "
0,mdp.39015066816433,"Kesselman, Amy Vita 1944- "
1,mdp.39015057603683,"Kesselman, Amy Vita 1944- "
2,uc1.32106016858216,"Kesselman, Amy Vita 1944- "
3,uc1.32106017511491,"Kesselman, Amy Vita 1944- "
0,hvd.32044011846243,"Hamilton, Alice 1869-1970 "
1,hvd.32044041538760,"Hamilton, Alice 1869-1970 "
2,hvd.hj2awx,"Hamilton, Alice 1869-1970 "
3,hvd.32044097667307,"Hamilton, Alice 1869-1970 "
4,hvd.hj2aje,"Hamilton, Alice 1869-1970 "
5,hvd.hj2ajx,"Hamilton, Alice 1869-1970 "
6,hvd.hj2akq,"Hamilton, Alice 1869-1970 "
7,mdp.39015001654097,"Hamilton, Alice 1869-1970 "
8,hvd.hj2ayy,"Hamilton, Alice 1869-1970 "
9,mdp.39015006680030,"Hamilton, Alice 1869-1970 "
10,hvd.hj2awv,"Hamilton, Alice 1869-1970 "
11,mdp.39015048063013,"Hamilton, Alice 1869-1970 "
12,mdp.39015006679255,"Hamilton, Alice 1869-1970 "
13,mdp.39015006679743,"Hamilton, Alice 1869-1970 "
14,mdp.39015002065657,"Hamilton, Alice 1869-1970 "
15,mdp.39015007097762,"Hamilton, Alice 1869-1970 "
16,mdp.39015008431044,"Hamilton, Alice 1869-1970 "
17,mdp.39015065399381,"Hamilton, Alice 1869-1970 "
18,mdp.39015006680014,"Hamilton, Alice 1869-1970 "
19,mdp.39015038691385,"Hamilton, Alice 1869-1970 "
20,nnc2.ark:/13960/t0bv87591,"Hamilton, Alice 1869-1970 "
21,nnc2.ark:/13960/t60589j3j,"Hamilton, Alice 1869-1970 "
22,nnc2.ark:/13960/t7jq1qx22,"Hamilton, Alice 1869-1970 "
23,mdp.39015008530225,"Hamilton, Alice 1869-1970 "
24,mdp.39015065729777,"Hamilton, Alice 1869-1970 "
25,pst.000046345554,"Hamilton, Alice 1869-1970 "
26,mdp.39015013317774,"Hamilton, Alice 1869-1970 "
27,mdp.39015078710095,"Hamilton, Alice 1869-1970 "
28,nnc2.ark:/13960/t1vd7km2p,"Hamilton, Alice 1869-1970 "
29,nnc2.ark:/13960/t53f5hb3m,"Hamilton, Alice 1869-1970 "
30,hvd.hj2ajk,"Hamilton, Alice 1869-1970 "
31,mdp.39015056758645,"Hamilton, Alice 1869-1970 "
32,hvd.hj2ak7,"Hamilton, Alice 1869-1970 "
33,nnc2.ark:/13960/t1mg8cg67,"Hamilton, Alice 1869-1970 "
34,uc1.b4115655,"Hamilton, Alice 1869-1970 "
35,hvd.hj2akm,"Hamilton, Alice 1869-1970 "
36,pst.000046345554,"Hamilton, Alice 1869-1970 "
37,uc1.$b21156,"Hamilton, Alice 1869-1970 "
38,uc1.$b95098,"Hamilton, Alice 1869-1970 "
39,uc1.32106000275492,"Hamilton, Alice 1869-1970 "
40,uc1.32106020334097,"Hamilton, Alice 1869-1970 "
41,uc1.b3140689,"Hamilton, Alice 1869-1970 "
42,uiug.30112055332826,"Hamilton, Alice 1869-1970 "
43,mdp.39015006680162,"Hamilton, Alice 1869-1970 "
44,uiug.30112018112877,"Hamilton, Alice 1869-1970 "
45,mdp.39015048063013,"Hamilton, Alice 1869-1970 "
46,wu.89083904987,"Hamilton, Alice 1869-1970 "
47,nyp.33433012830992,"Hamilton, Alice 1869-1970 "
48,uc1.b4527288,"Hamilton, Alice 1869-1970 "
49,uc2.ark:/13960/t1rf5sx8r,"Hamilton, Alice 1869-1970 "
50,uiuo.ark:/13960/t87h1h079,"Hamilton, Alice 1869-1970 "
0,wu.89052197274,"McDowell, Mary Ann. "
0,mdp.39015007032280,"DuBois, Ellen Carol 1947- "
1,mdp.39015080829875,"DuBois, Ellen Carol 1947- "
2,mdp.39015028476425,"DuBois, Ellen Carol 1947- "
3,wu.89098884380,"DuBois, Ellen Carol 1947- "
4,uc1.32106015486118,"DuBois, Ellen Carol 1947- "
5,mdp.39015028476425,"DuBois, Ellen Carol 1947- "
6,mdp.39015032595509,"DuBois, Ellen Carol 1947- "
7,txu.059173026616336,"DuBois, Ellen Carol 1947- "
